tweet_id,timestamp,name,dog_breed_stage,favorite_count,retweet_count,source_x,text,rating_numerator
890240255349198849,2017-07-26 15:59:51+00:00,Cassie,doggo,32467,7711,Twitter for iPhone,This is Cassie. She is a college pup. Studying international doggo communication and stick theory. 14/10 so elegant much sophisticate https://t.co/t1bfwz5S2A,14
889665388333682689,2017-07-25 01:55:32+00:00,,puppo,38818,8538,Twitter for iPhone,Here's a puppo that seems to be on the fence about something haha no but seriously someone help her. 13/10 https://t.co/BxvuXk0UCm,13
889531135344209921,2017-07-24 17:02:04+00:00,Stuart,puppo,15359,2321,Twitter for iPhone,This is Stuart. He's sporting his favorite fanny pack. Secretly filled with bones only. 13/10 puppared puppo #BarkWeek https://t.co/y70o6h3isq,13
886366144734445568,2017-07-15 23:25:31+00:00,Roscoe,pupper,21524,3316,Twitter for iPhone,This is Roscoe. Another pupper fallen victim to spontaneous tongue ejections. Get the BlepiPen immediate. 12/10 deep breaths Roscoe https://t.co/RGE08MIJox,12
884162670584377345,2017-07-09 21:29:42+00:00,Yogi,doggo,20771,3128,Twitter for iPhone,Meet Yogi. He doesn't have any important dog meetings today he just enjoys looking his best at all times. 12/10 for dangerously dapper doggo https://t.co/YSI00BzTBZ,12
883360690899218434,2017-07-07 16:22:55+00:00,Grizzwald,floofer,22986,3825,Twitter for iPhone,Meet Grizzwald. He may be the floofiest floofer I ever did see. Lost eyes saving a schoolbus from a volcano erpuption. 13/10 heroic as h*ck https://t.co/rf661IFEYP,13
882762694511734784,2017-07-06 00:46:41+00:00,Gus,pupper,28903,5134,Twitter for iPhone,This is Gus. He's quite the cheeky pupper. Already perfected the disinterested wink. 12/10 would let steal my girl https://t.co/D43I96SlVu,12
881536004380872706,2017-07-02 15:32:16+00:00,a,pupper,50199,16570,Twitter for iPhone,"Here is a pupper approaching maximum borkdrive. Zooming at never before seen speeds. 14/10 paw-inspiring af 
(IG: puffie_the_chow) https://t.co/ghXBIIeQZF",14
878776093423087618,2017-06-25 00:45:22+00:00,Snoopy,puppo,19763,4319,Twitter for iPhone,This is Snoopy. He's a proud #PrideMonthPuppo. Impeccable handwriting for not having thumbs. 13/10 would love back #PrideMonth https://t.co/lNZwgNO4gS,13
876838120628539392,2017-06-19 16:24:33+00:00,Ginger,pupper,21125,3506,Twitter for iPhone,This is Ginger. She's having a ruff Monday. Too many pupper things going on. H*ckin exhausting. 12/10 would snug passionately https://t.co/j211oCDRs6,12
874296783580663808,2017-06-12 16:06:11+00:00,Jed,pupper,26651,4308,Twitter for iPhone,This is Jed. He may be the fanciest pupper in the game right now. Knows it too. 13/10 would sign modeling contract https://t.co/0YplNnSMEm,13
874012996292530176,2017-06-11 21:18:31+00:00,Sebastian,puppo,35501,11007,Twitter for iPhone,"This is Sebastian. He can't see all the colors of the rainbow, but he can see that this flag makes his human happy. 13/10 #PrideMonth puppo https://t.co/XBE0evJZ6V",13
873213775632977920,2017-06-09 16:22:42+00:00,Sierra,pupper,7467,1667,Twitter for iPhone,"This is Sierra. She's one precious pupper. Absolute 12/10. Been in and out of ICU her whole life. Help Sierra below

https://t.co/Xp01EU3qyD https://t.co/V5lkvrGLdQ",12
872967104147763200,2017-06-09 00:02:31+00:00,,doggo,28031,5669,Twitter for iPhone,Here's a very large dog. He has a date later. Politely asked this water person to check if his breath is bad. 12/10 good to go doggo https://t.co/EMYIdoblMR,12
871762521631449091,2017-06-05 16:15:56+00:00,Rover,pupper,20787,3678,Twitter for iPhone,This is Rover. As part of pupper protocol he had to at least attempt to eat the plant. Confirmed not tasty. Needs peanut butter. 12/10 https://t.co/AiVljI6QCg,12
871515927908634625,2017-06-04 23:56:03+00:00,Napolean,doggo,20730,3628,Twitter for iPhone,This is Napolean. He's a Raggedy East Nicaraguan Zoom Zoom. Runs on one leg. Built for deception. No eyes. Good with kids. 12/10 great doggo https://t.co/PR7B7w1rUw,12
869596645499047938,2017-05-30 16:49:31+00:00,Scout,doggo,16476,3327,Twitter for iPhone,This is Scout. He just graduated. Officially a doggo now. Have fun with taxes and losing sight of your ambitions. 12/10 would throw cap for https://t.co/DsA2hwXAJo,12
867421006826221569,2017-05-24 16:44:18+00:00,Shikha,puppo,16755,2697,Twitter for iPhone,This is Shikha. She just watched you drop a skittle on the ground and still eat it. Could not be less impressed. 12/10 superior puppo https://t.co/XZlZKd73go,12
866450705531457537,2017-05-22 00:28:40+00:00,Jamesy,pupper,106827,32883,Twitter for iPhone,"This is Jamesy. He gives a kiss to every other pupper he sees on his walk. 13/10 such passion, much tender https://t.co/wk7TfysWHr",13
859607811541651456,2017-05-03 03:17:27+00:00,,puppo,19476,1704,Twitter for iPhone,Sorry for the lack of posts today. I came home from school and had to spend quality time with my puppo. Her name is Zoey and she's 13/10 https://t.co/BArWupFAn0,13
858843525470990336,2017-05-01 00:40:27+00:00,,doggo,16304,3771,Twitter for iPhone,I have stumbled puppon a doggo painting party. They're looking to be the next Pupcasso or Puppollock. All 13/10 would put it on the fridge https://t.co/cUeDMlHJbq,13
855851453814013952,2017-04-22 18:31:02+00:00,,doggopuppo,47844,19196,Twitter for iPhone,Here's a puppo participating in the #ScienceMarch. Cleverly disguising her own doggo agenda. 13/10 would keep the planet habitable for https://t.co/cMhq16isel,13
854120357044912130,2017-04-17 23:52:16+00:00,,pupper,33911,8285,Twitter for iPhone,Sometimes you guys remind me just how impactful a pupper can be. Cooper will be remembered as a good boy by so many. 14/10 rest easy friend https://t.co/oBL7LEJEzR,14
854010172552949760,2017-04-17 16:34:26+00:00,,doggofloofer,17169,3433,Twitter for iPhone,"At first I thought this was a shy doggo, but it's actually a Rare Canadian Floofer Owl. Amateurs would confuse the two. 11/10 only send dogs https://t.co/TXdT3tmuYk",11
850019790995546112,2017-04-06 16:18:05+00:00,Boomer,pupper,21944,5459,Twitter for iPhone,Say hello to Boomer. He's a sandy pupper. Having a h*ckin blast. 12/10 would pet passionately https://t.co/ecb3LvExde,12
846514051647705089,2017-03-28 00:07:32+00:00,Barney,doggo,48410,13076,Twitter for iPhone,This is Barney. He's an elder doggo. Hitches a ride when he gets tired. Waves goodbye before he leaves. 13/10 please come back soon https://t.co/cFAasDXauK,13
845397057150107648,2017-03-24 22:08:59+00:00,Mimosa,doggo,8241,2072,Twitter for iPhone,"Say hello to Mimosa. She's an emotional support doggo who helps her owner with PTSD. 13/10, but she needs your help

https://t.co/L6mLzrd7Mx https://t.co/jMutBFdw5o",13
845306882940190720,2017-03-24 16:10:40+00:00,Pickles,pupper,25225,6039,Twitter for iPhone,This is Pickles. She's a silly pupper. Thinks she's a dish. 12/10 would dry https://t.co/7mPCF4ZwEk,12
837820167694528512,2017-03-04 00:21:08+00:00,,pupper,37277,8952,Twitter for iPhone,"Here's a pupper before and after being asked ""who's a good girl?"" Unsure as h*ck. 12/10 hint hint it's you https://t.co/ORiK6jlgdH",12
837110210464448512,2017-03-02 01:20:01+00:00,Clark,pupper,17480,2731,Twitter for iPhone,This is Clark. He passed pupper training today. Round of appaws for Clark. 13/10 https://t.co/7pUjwe8X6B,13
836753516572119041,2017-03-01 01:42:39+00:00,Meera,doggo,21029,5237,Twitter for iPhone,This is Meera. She just heard about taxes and how much a doghouse in a nice area costs. Not pupared to be a  doggo anymore. 12/10 https://t.co/GZmNEdyoJY,12
836380477523124226,2017-02-28 01:00:19+00:00,Ava,pupper,16037,3337,Twitter for iPhone,"This is Ava. She just blasted off. Streamline af. Aerodynamic as h*ck. One small step for pupper, one giant leap for pupkind. 12/10 https://t.co/W4KffrdX3Q",12
834574053763584002,2017-02-23 01:22:14+00:00,,doggo,14993,2882,Twitter for iPhone,Here's a doggo fully pupared for a shower. H*ckin exquisite balance. Sneaky tongue slip too. 13/10 https://t.co/UtEVnQ1ZPg,13
833124694597443584,2017-02-19 01:23:00+00:00,Gidget,pupper,22133,5513,Twitter for iPhone,This is Gidget. She's a spy pupper. Stealthy as h*ck. Must've slipped pup and got caught. 12/10 would forgive then pet https://t.co/zD97KYFaFa,12
832998151111966721,2017-02-18 17:00:10+00:00,Rhino,doggo,14549,2522,Twitter for iPhone,"This is Rhino. He arrived at a shelter with an elaborate doggo manual for his new family, written by someone who will always love him. 13/10 https://t.co/QX1h0oqMz0",13
832273440279240704,2017-02-16 17:00:25+00:00,Smiley,doggo,12385,2673,Twitter for iPhone,Say hello to Smiley. He's a blind therapy doggo having a h*ckin blast high steppin around in the snow. 14/10 would follow anywhere https://t.co/SHAb1wHjMz,14
832032802820481025,2017-02-16 01:04:13+00:00,Miguel,doggo,13887,4746,Twitter for iPhone,"This is Miguel. He was the only remaining doggo at the adoption center after the weekend. Let's change that. 12/10

https://t.co/P0bO8mCQwN https://t.co/SU4K34NT4M",12
831939777352105988,2017-02-15 18:54:34+00:00,Emanuel,doggo,26404,7031,Twitter for iPhone,This is Emanuel. He's a h*ckin rare doggo. Dwells in a semi-urban environment. Round features make him extra collectible. 12/10 would so pet https://t.co/k9bzgyVdUT,12
831322785565769729,2017-02-14 02:02:51+00:00,Pete,doggo,10042,1744,Twitter for iPhone,This is Pete. He has no eyes. Needs a guide doggo. Also appears to be considerably fluffy af. 12/10 would hug softly https://t.co/Xc0gyovCtK,12
831315979191906304,2017-02-14 01:35:49+00:00,,pupper,7117,1264,Twitter Web Client,I couldn't make it to the #WKCDogShow BUT I have people there on the ground relaying me the finest pupper pics possible. 13/10 for all https://t.co/jd6lYhfdH4,13
829449946868879360,2017-02-08 22:00:52+00:00,,doggo,11519,2329,Twitter for iPhone,Here's a stressed doggo. Had a long day. Many things on her mind. The hat communicates these feelings exquisitely. 11/10 https://t.co/fmRS43mWQB,11
829374341691346946,2017-02-08 17:00:26+00:00,Astrid,doggo,38074,10706,Twitter for iPhone,This is Astrid. She's a guide doggo in training. 13/10 would follow anywhere https://t.co/xo7FZFIAao,13
828381636999917570,2017-02-05 23:15:47+00:00,Doobert,doggo,13864,2554,Twitter for iPhone,Meet Doobert. He's a deaf doggo. Didn't stop him on the field tho. Absolute legend today. 14/10 would pat head approvingly https://t.co/iCk7zstRA9,14
827933404142436356,2017-02-04 17:34:40+00:00,Kona,pupper,22180,5987,Twitter for iPhone,This is Kona. Yesterday she stopped by the department to see what it takes to be a police pupper. 12/10 vest was only a smidge too big https://t.co/j8D3PQJvpJ,12
826958653328592898,2017-02-02 01:01:21+00:00,Loki,doggo,23767,5757,Twitter for iPhone,This is Loki. He smiles like Elvis. Ain't nothin but a hound doggo. 12/10 https://t.co/QV5nx6otZR,12
826848821049180160,2017-02-01 17:44:55+00:00,Cupid,doggo,40325,11878,Twitter for iPhone,This is Cupid. He was found in the trash. Now he's well on his way to prosthetic front legs and a long happy doggo life. 13/10 heroic af https://t.co/WS0Gha8vRh,13
826476773533745153,2017-01-31 17:06:32+00:00,Pilot,doggo,20275,4821,Twitter for iPhone,This is Pilot. He has mastered the synchronized head tilt and sneaky tongue slip. Usually not unlocked until later doggo days. 12/10 https://t.co/YIV8sw8xkh,12
826204788643753985,2017-01-30 23:05:46+00:00,,doggo,5361,1075,Twitter for iPhone,"Here's a little more info on Dew, your favorite roaming doggo that went h*ckin viral. 13/10 
https://t.co/1httNYrCeW https://t.co/KvaM8j3jhX",13
825535076884762624,2017-01-29 02:44:34+00:00,,puppo,56413,19669,Twitter for iPhone,Here's a very loving and accepting puppo. Appears to have read her Constitution well. 14/10 would pat head approvingly https://t.co/6ao80wIpV1,14
825026590719483904,2017-01-27 17:04:02+00:00,Pablo,puppo,7020,1483,Twitter for iPhone,"Say hello to Pablo. He's one gorgeous puppo. A true 12/10. Click the link to see why Pablo requests your assistance

https://t.co/koHvVQp9bL https://t.co/IhW0JKf7kc",12
824325613288833024,2017-01-25 18:38:36+00:00,,pupper,12999,11848,Twitter for iPhone,Retweet the h*ck out of this 13/10 pupper #BellLetsTalk https://t.co/wBmc7OaGvS,13
822872901745569793,2017-01-21 18:26:02+00:00,,puppo,132810,48265,Twitter for iPhone,Here's a super supportive puppo participating in the Toronto  #WomensMarch today. 13/10 https://t.co/nTz3FtorBc,13
822462944365645825,2017-01-20 15:17:01+00:00,Gabe,pupper,31800,17209,Twitter for iPhone,"This is Gabe. He was the unequivocal embodiment of a dream meme, but also one h*ck of a pupper. You will be missed by so many. 14/10 RIP https://t.co/M3hZGadUuO",14
821765923262631936,2017-01-18 17:07:18+00:00,Duchess,doggo,9317,1899,Twitter for iPhone,This is Duchess. She uses dark doggo forces to levitate her toys. 13/10 magical af https://t.co/maDNMETA52,13
821407182352777218,2017-01-17 17:21:47+00:00,Sundance,doggo,13075,5053,Twitter for iPhone,This is Sundance. He's a doggo drummer. Even sings a bit on the side. 14/10 entertained af (vid by @sweetsundance) https://t.co/Xn5AQtiqzG,14
821107785811234820,2017-01-16 21:32:06+00:00,,doggo,10645,2487,Twitter for iPhone,Here's a doggo who looks like he's about to give you a list of mythical ingredients to go collect for his potion. 11/10 would obey https://t.co/8SiwKDlRcl,11
819952236453363712,2017-01-13 17:00:21+00:00,Oliver,puppo,5927,1369,Twitter for iPhone,"This is Oliver. He has dreams of being a service puppo so he can help his owner. 13/10 selfless af

make it happen:
https://t.co/f5WMsx0a9K https://t.co/6lJz0DKZIb",13
819924195358416896,2017-01-13 15:08:56+00:00,,doggo,14305,5607,Twitter for iPhone,Here we have a doggo who has messed up. He was hoping you wouldn't notice. 11/10 someone help him https://t.co/XdRNXNYD4E,11
819006400881917954,2017-01-11 02:21:57+00:00,Sunny,doggo,49960,21794,Twitter for iPhone,This is Sunny. She was also a very good First Doggo. 14/10 would also be an absolute honor to pet https://t.co/YOC1fHFCSb,14
819004803107983360,2017-01-11 02:15:36+00:00,Bo,doggo,95450,42228,Twitter for iPhone,This is Bo. He was a very good First Doggo. 14/10 would be an absolute honor to pet https://t.co/AdPKrI8BZ1,14
817777686764523521,2017-01-07 16:59:28+00:00,Dido,doggopupper,11901,3084,Twitter for iPhone,"This is Dido. She's playing the lead role in ""Pupper Stops to Catch Snow Before Resuming Shadow Box with Dried Apple."" 13/10 (IG: didodoggo) https://t.co/m7isZrOBX7",13
815966073409433600,2017-01-02 17:00:46+00:00,,pupper,25057,9907,Twitter for iPhone,Here's a pupper with squeaky hiccups. Please enjoy. 13/10 https://t.co/MiMKtsLN6k,13
814986499976527872,2016-12-31 00:08:17+00:00,Cooper,pupper,8485,1505,Twitter for iPhone,This is Cooper. Someone attacked him with a sharpie. Poor pupper. 11/10 nifty tongue slip tho https://t.co/01vpuRDXQ8,11
813910438903693312,2016-12-28 00:52:25+00:00,Chubbs,doggo,10342,2194,Twitter for iPhone,This is Chubbs. He dug a hole and now he's stuck in it. Dang h*ckin doggo. 11/10 would assist https://t.co/z1VRj1cYZf,11
813202720496779264,2016-12-26 02:00:11+00:00,,doggo,10192,2090,Twitter for iPhone,Here's a doggo who has concluded that Christmas is entirely too bright. Requests you tone it down a notch. 11/10 https://t.co/cD967DjnIn,11
813127251579564032,2016-12-25 21:00:18+00:00,,doggo,13242,3652,Twitter for iPhone,Here's an anonymous doggo that appears to be very done with Christmas. 11/10 cheer up pup https://t.co/BzITyGw3JA,11
813096984823349248,2016-12-25 19:00:02+00:00,Rocky,doggo,11694,4207,Twitter for iPhone,This is Rocky. He got triple-doggo-dared. Stuck af. 11/10 someone help him https://t.co/soNL00XWVu,11
811386762094317568,2016-12-21 01:44:13+00:00,Craig,pupper,23302,7444,Twitter for iPhone,This is Craig. That's actually a normal sized fence he's stuck on. H*ckin massive pupper. 11/10 someone help him https://t.co/aAUXzoxaBy,11
808733504066486276,2016-12-13 18:01:07+00:00,,pupper,8784,2509,Twitter for iPhone,Here's a pupper in a onesie. Quite pupset about it. Currently plotting revenge. 12/10 would rescue https://t.co/xQfrbNK3HD,12
808106460588765185,2016-12-12 00:29:28+00:00,,doggopupper,9701,2525,Twitter for iPhone,Here we have Burke (pupper) and Dexter (doggo). Pupper wants to be exactly like doggo. Both 12/10 would pet at same time https://t.co/ANBpEYHaho,12
807621403335917568,2016-12-10 16:22:02+00:00,Ollie,pupper,16236,4288,Twitter for iPhone,This is Ollie Vue. He was a 3 legged pupper on a mission to overcome everything. This is very hard to write. 14/10 we will miss you Ollie https://t.co/qTRY2qX9y4,14
803773340896923648,2016-11-30 01:31:12+00:00,Diogi,puppo,11203,3220,Twitter for iPhone,This is Diogi. He fell in the pool as soon as he was brought home. Clumsy puppo. 12/10 would pet until dry https://t.co/ZxeRjMKaWt,12
803638050916102144,2016-11-29 16:33:36+00:00,,pupper,12270,4828,Twitter for iPhone,Pupper hath acquire enemy. 13/10 https://t.co/ns9qoElfsX,13
802265048156610565,2016-11-25 21:37:47+00:00,,doggopupper,7039,1573,Twitter for iPhone,"Like doggo, like pupper version 2. Both 11/10 https://t.co/9IxWAXFqze",11
802239329049477120,2016-11-25 19:55:35+00:00,Loki,puppo,10132,3040,Twitter for iPhone,This is Loki. He'll do your taxes for you. Can also make room in your budget for all the things you bought today. 12/10 what a puppo https://t.co/5oWrHCWg87,12
801115127852503040,2016-11-22 17:28:25+00:00,Bones,doggopupper,8992,2429,Twitter for iPhone,This is Bones. He's being haunted by another doggo of roughly the same size. 12/10 deep breaths pupper everything's fine https://t.co/55Dqe0SJNj,12
800459316964663297,2016-11-20 22:02:27+00:00,,pupper,10538,2489,Twitter for iPhone,Here's a very sleepy pupper. Appears to be portable as h*ck. 12/10 would snug intensely https://t.co/61sX7pW5Ca,12
800388270626521089,2016-11-20 17:20:08+00:00,Doc,floofer,12456,3265,Twitter for iPhone,This is Doc. He takes time out of every day to worship our plant overlords. 12/10 quite the floofer https://t.co/azMneS6Ly5,12
800018252395122689,2016-11-19 16:49:49+00:00,,doggo,31768,15351,Twitter for iPhone,Here's a doggo doin a struggle. 11/10 much determined https://t.co/gQqRBfkX4I,11
799757965289017345,2016-11-18 23:35:32+00:00,Sobe,doggo,9390,2506,Twitter for iPhone,This is Sobe. She's a h*ckin happy doggo. Only one leg tho. Must have good balance. 13/10 would smile back https://t.co/OiH8PaOxB1,13
797971864723324932,2016-11-14 01:18:12+00:00,,pupper,13018,3652,Twitter for iPhone,Here's a helicopter pupper. He takes off at random. H*ckin hard to control. 12/10 rare af https://t.co/GRWPgNKt2z,12
796484825502875648,2016-11-09 22:49:15+00:00,,doggo,8472,2042,Twitter for iPhone,Here's a sleepy doggo that requested some assistance. 12/10 would carry everywhere https://t.co/bvkkqOjNDV,12
795464331001561088,2016-11-07 03:14:10+00:00,,doggo,55683,27728,Twitter for iPhone,Elder doggo does a splash. Both 13/10 incredible stuff https://t.co/gBUDjdEcqz,13
794205286408003585,2016-11-03 15:51:10+00:00,Laika,pupper,10314,3895,Twitter for iPhone,This is Laika. She was a space pupper. The first space pupper actually. Orbited earth like a h*ckin boss. 14/10 hero af https://t.co/trSjgY3h4g,14
793195938047070209,2016-10-31 21:00:23+00:00,Lily,puppo,17063,6547,Twitter for iPhone,Say hello to Lily. She's pupset that her costume doesn't fit as well as last year. 12/10 poor puppo https://t.co/YSi6K1firY,12
790946055508652032,2016-10-25 16:00:09+00:00,Betty,puppo,18601,5496,Twitter for iPhone,This is Betty. She's assisting with the dishes. Such a good puppo. 12/10 h*ckin helpful af https://t.co/dgvTPZ9tgI,12
787717603741622272,2016-10-16 18:11:26+00:00,Tonks,puppo,11416,3240,Twitter for iPhone,This is Tonks. She is a service puppo. Can hear a caterpillar hiccup from 7 miles away. 13/10 would follow anywhere https://t.co/i622ZbWkUp,13
786363235746385920,2016-10-13 00:29:39+00:00,Rizzo,doggo,12189,4072,Twitter for iPhone,This is Rizzo. He has many talents. A true renaissance doggo. 13/10 entertaining af https://t.co/TVXpEJB7Wn,13
785639753186217984,2016-10-11 00:34:48+00:00,Pinot,doggopupper,8735,2561,Twitter for iPhone,This is Pinot. He's a sophisticated doggo. You can tell by the hat. Also pointier than your average pupper. Still 10/10 would pet cautiously https://t.co/f2wmLZTPHd,10
782747134529531904,2016-10-03 01:00:34+00:00,Deacon,doggo,8310,1604,Twitter for iPhone,This is Deacon. He's the happiest almost dry doggo I've ever seen. 11/10 would smile back https://t.co/C6fUMnHt1H,11
782305867769217024,2016-10-01 19:47:08+00:00,Sampson,doggo,18630,6470,Twitter for iPhone,This is Sampson. He just graduated. Ready to be a doggo now. Time for the real world. 12/10 have fun with taxes https://t.co/pgVKxRw0s1,12
780931614150983680,2016-09-28 00:46:20+00:00,,puppo,24192,8536,Twitter for iPhone,I want to finally rate this iconic puppo who thinks the parade is all for him. 13/10 would absolutely attend https://t.co/5dUYOu4b8d,13
779377524342161408,2016-09-23 17:50:56+00:00,,pupper,9831,3613,Twitter for iPhone,Have you ever seen such a smol pupper? Portable af. 12/10 would keep in shirt pocket https://t.co/KsqaIzlQ12,12
778039087836069888,2016-09-20 01:12:28+00:00,,pupper,9417,3065,Twitter for iPhone,Evolution of a pupper yawn featuring Max. 12/10 groundbreaking stuff https://t.co/t8Y4x9DmVD,12
778027034220126208,2016-09-20 00:24:34+00:00,Sophie,pupper,7320,1885,Twitter for iPhone,This is Sophie. She's a Jubilant Bush Pupper. Super h*ckin rare. Appears at random just to smile at the locals. 11.27/10 would smile back https://t.co/QFaUiIHxHq,27
776477788987613185,2016-09-15 17:48:25+00:00,Huck,pupper,9858,3249,Twitter for iPhone,This is Huck. He's addicted to caffeine. Hope it's not too latte to seek help. 11/10 stay strong pupper https://t.co/iJE3F0VozW,11
776218204058357768,2016-09-15 00:36:55+00:00,,floofer,33345,18497,Twitter for iPhone,Atlas rolled around in some chalk and now he's a magical rainbow floofer. 13/10 please never take a bath https://t.co/nzqTNw0744,13
776113305656188928,2016-09-14 17:40:06+00:00,Sampson,pupper,13102,5068,Twitter for iPhone,This is Sampson. He's about to get hit with a vicious draw 2. Has no idea. 11/10 poor pupper https://t.co/FYT9QBEnKG,11
775733305207554048,2016-09-13 16:30:07+00:00,Anakin,doggo,15413,4627,Twitter for iPhone,This is Anakin. He strives to reach his full doggo potential. Born with blurry tail tho. 11/10 would still pet well https://t.co/9CcBSxCXXG,11
775364825476165632,2016-09-12 16:05:54+00:00,Finley,doggo,8295,3472,Twitter for iPhone,This is Finley. He's an independent doggo still adjusting to life on his own. 11/10 https://t.co/7FNcBaKbci,11
773985732834758656,2016-09-08 20:45:53+00:00,Winnie,pupper,11925,4492,Twitter for iPhone,Meet Winnie. She just made awkward eye contact with the driver beside her. Poor pupper panicked. 11/10 would comfort https://t.co/RFWtDqTnAz,11
773547596996571136,2016-09-07 15:44:53+00:00,Chelsea,pupper,24553,7126,Twitter for iPhone,This is Chelsea. She forgot how to dog. 11/10 get it together pupper https://t.co/nBJ5RE4yHb,11
772193107915964416,2016-09-03 22:02:38+00:00,Willem,pupper,6665,1612,Twitter for iPhone,This is Willem. He's a Penn State pupper. Thinks the hood makes him more intimidating. It doesn't. 12/10 https://t.co/Dp0s7MRIHK,12
768193404517830656,2016-08-23 21:09:14+00:00,Gerald,doggo,12157,4080,Twitter for iPhone,Meet Gerald. He's a fairly exotic doggo. Floofy af. Inadequate knees tho. Self conscious about large forehead. 8/10 https://t.co/WmczvjCWJq,8
767191397493538821,2016-08-21 02:47:37+00:00,,doggo,13643,4406,Twitter for iPhone,I don't know any of the backstory behind this picture but for some reason I'm crying. 13/10 for owner and doggo https://t.co/QOKZdus9TT,13
765371061932261376,2016-08-16 02:14:15+00:00,Louie,pupper,7842,2475,Twitter for iPhone,This is Louie. He's had a long day. Did a lot of pupper things. Also appears to be rather heckin pettable. 11/10 https://t.co/w2qDmoTIZ5,11
760893934457552897,2016-08-03 17:43:45+00:00,Wishes,doggo,4228,1104,Twitter for iPhone,This is Wishes. He has the day off. Daily struggles of being a doggo have finally caught up with him. 11/10 https://t.co/H9YgrUkYwa,11
759793422261743616,2016-07-31 16:50:42+00:00,Maggie,doggopupper,6620,2173,Twitter for iPhone,"Meet Maggie &amp; Lila. Maggie is the doggo, Lila is the pupper. They are sisters. Both 12/10 would pet at the same time https://t.co/MYwR4DQKll",12
758828659922702336,2016-07-29 00:57:05+00:00,,doggo,12376,4376,Twitter for iPhone,This doggo is just waiting for someone to be proud of her and her accomplishment. 13/10 legendary af https://t.co/9T2h14yn4Q,13
757393109802180609,2016-07-25 01:52:43+00:00,,doggo,6462,2009,Twitter for iPhone,Here's a doggo completely oblivious to the double rainbow behind him. 10/10 someone tell him https://t.co/OfvRoD6ndV,10
756939218950160384,2016-07-23 19:49:07+00:00,Jax,pupper,7342,2295,Twitter for iPhone,This is Jax. He is a majestic mountain pupper. Thinks flat ground is for the weak. 12/10 would totally hike with https://t.co/KGdeHuFJnH,12
756526248105566208,2016-07-22 16:28:07+00:00,,doggo,11506,4169,Twitter for iPhone,All hail sky doggo. 13/10 would jump super high to pet https://t.co/CsLRpqdeTF,13
756275833623502848,2016-07-21 23:53:04+00:00,,puppo,7114,1738,Twitter for iPhone,When ur older siblings get to play in the deep end but dad says ur not old enough. Maybe one day puppo. All 10/10 https://t.co/JrDAzMhwG9,10
755955933503782912,2016-07-21 02:41:54+00:00,,pupper,8092,3285,Twitter for iPhone,Here's a frustrated pupper attempting to escape a pool of Frosted Flakes. 12/10 https://t.co/GAYViEweWr,12
755206590534418437,2016-07-19 01:04:16+00:00,one,doggo,18212,6148,Twitter for iPhone,This is one of the most inspirational stories I've ever come across. I have no words. 14/10 for both doggo and owner https://t.co/I5ld3eKD5k,14
752682090207055872,2016-07-12 01:52:49+00:00,,doggo,6642,1846,Twitter for iPhone,Nothing better than a doggo and a sunset. 10/10 majestic af https://t.co/xVSodF19PS,10
752660715232722944,2016-07-12 00:27:52+00:00,,doggo,4878,1794,Twitter for iPhone,"Hooman used Pokeball
*wiggle*
*wiggle*
Doggo broke free 
10/10 https://t.co/bWSgqnwSHr",10
752519690950500352,2016-07-11 15:07:30+00:00,,puppo,8157,3917,Twitter for iPhone,Hopefully this puppo on a swing will help get you through your Monday. 11/10 would push https://t.co/G54yClasz2,11
752334515931054080,2016-07-11 02:51:40+00:00,,doggo,4238,1263,Twitter for iPhone,Here's a doggo trying to catch some fish. 8/10 futile af (vid by @KellyBauerx) https://t.co/jwd0j6oWLE,8
751583847268179968,2016-07-09 01:08:47+00:00,,doggopupper,4849,1265,Twitter for iPhone,Please stop sending it pictures that don't even have a doggo or pupper in them. Churlish af. 5/10 neat couch tho https://t.co/u2c9c7qSg8,5
751456908746354688,2016-07-08 16:44:23+00:00,,pupper,3516,1127,Twitter for iPhone,Here's a pupper that's very hungry but too lazy to get up and eat. 12/10 (vid by @RealDavidCortes) https://t.co/lsVAMBq6ex,12
751132876104687617,2016-07-07 19:16:47+00:00,Cooper,puppo,5610,1480,Twitter for iPhone,This is Cooper. He's just so damn happy. 10/10 what's your secret puppo? https://t.co/yToDwVXEpA,10
750868782890057730,2016-07-07 01:47:22+00:00,Milo,pupper,5306,1595,Twitter for iPhone,Meet Milo. He hauled ass until he ran out of treadmill and then passed out from exhaustion. 11/10 sleep tight pupper https://t.co/xe1aGZNkcC,11
750506206503038976,2016-07-06 01:46:38+00:00,Malcolm,pupper,4934,1316,Twitter for iPhone,This is Malcolm. He's absolutely terrified of heights. 8/10 hang in there pupper https://t.co/SVU00Sc9U2,8
750383411068534784,2016-07-05 17:38:41+00:00,Zoe,pupper,5005,1309,Twitter for iPhone,This is Zoe. She was trying to stealthily take a picture of you but you just noticed. 9/10 not so sneaky pupper https://t.co/FfH3o88Vta,9
750071704093859840,2016-07-04 21:00:04+00:00,,pupper,8653,3802,Twitter for iPhone,Pause your cookout and admire this pupper's nifty hat. 10/10 https://t.co/RG4C9IdNJM,10
750011400160841729,2016-07-04 17:00:26+00:00,Piper,doggo,3568,1035,TweetDeck,Meet Piper. She's an airport doggo. Please return your tray table to its full pupright and locked position. 11/10 https://t.co/D17IAcetmM,11
749417653287129088,2016-07-03 01:41:06+00:00,Finn,pupper,6721,1904,Twitter for iPhone,This is Finn. He's the most unphotogenic pupper of all time. 11/10 https://t.co/qvA2rCUl6v,11
749317047558017024,2016-07-02 19:01:20+00:00,Blu,floofer,6076,2509,Twitter for iPhone,This is Blu. He's a wild bush Floofer. I wish anything made me as happy as bushes make Blu. 12/10 would frolic with https://t.co/HHUAnBb6QB,12
748932637671223296,2016-07-01 17:33:49+00:00,Divine,doggo,6461,2564,Twitter for iPhone,Say hello to Divine Doggo. Must be magical af. 13/10 would be an honor to pet https://t.co/BbcABzohKb,13
748692773788876800,2016-07-01 01:40:41+00:00,his,doggo,4659,1504,Twitter for iPhone,That is Quizno. This is his beach. He does not tolerate human shenanigans on his beach. 10/10 reclaim ur land doggo https://t.co/vdr7DaRSa7,10
747963614829678593,2016-06-29 01:23:16+00:00,,pupper,6397,2444,Twitter for iPhone,PUPPER NOOOOO BEHIND YOUUU 10/10 pls keep this pupper in your thoughts https://t.co/ZPfeRtOX0Q,10
745433870967832576,2016-06-22 01:50:58+00:00,Lenox,doggo,7824,2894,Twitter for iPhone,This is Lenox. She's in a wheelbarrow. Silly doggo. You don't belong there. 10/10 would push around https://t.co/oYbVR4nBsR,10
744995568523612160,2016-06-20 20:49:19+00:00,Abby,puppo,3277,716,Twitter for iPhone,This is Abby. She got her face stuck in a glass. Churlish af. 9/10 rookie move puppo https://t.co/2FPb45NXrK,9
744234799360020481,2016-06-18 18:26:18+00:00,,doggo,131075,79515,Twitter for iPhone,Here's a doggo realizing you can stand in a pool. 13/10 enlightened af (vid by Tina Conrad) https://t.co/7wE9LTEXC4,13
743253157753532416,2016-06-16 01:25:36+00:00,Kilo,puppo,4624,1366,Twitter for iPhone,"This is Kilo. He cannot reach the snackum. Nifty tongue, but not nifty enough. 10/10 maybe one day puppo https://t.co/gSmp31Zrsx",10
743222593470234624,2016-06-15 23:24:09+00:00,a,pupper,6792,2164,Twitter for iPhone,This is a very rare Great Alaskan Bush Pupper. Hard to stumble upon without spooking. 12/10 would pet passionately https://t.co/xOBKCdpzaa,12
742465774154047488,2016-06-13 21:16:49+00:00,,pupper,7916,4382,Twitter for iPhone,"Was just informed about this hero pupper and others like her. Another 14/10, would be an absolute honor to pet https://t.co/hBTzPmj36Z",14
742150209887731712,2016-06-13 00:22:53+00:00,Edmund,pupper,5661,1783,Twitter for iPhone,This is Edmund. He sends stellar selfies. Cute af. 8/10 would totally snapchat with this pupper https://t.co/PprXoqZuKY,8
741743634094141440,2016-06-11 21:27:17+00:00,Aqua,pupper,8945,3144,Twitter for iPhone,Meet Aqua. She's a sandy pupper. Not sure how she feels about being so sandy. Radical tongue slip. 11/10 petable af https://t.co/rYxJ0UQtbE,11
741067306818797568,2016-06-10 00:39:48+00:00,just,doggopupper,10342,3520,Twitter for iPhone,This is just downright precious af. 12/10 for both pupper and doggo https://t.co/o5J479bZUC,12
740676976021798912,2016-06-08 22:48:46+00:00,Baloo,pupper,19881,7724,Twitter for iPhone,"Meet Baloo. He's expecting a fast ground ball, hence the wide stance. Prepared af. 11/10 nothing runs like a pupper https://t.co/sMbMw5Z2XC",11
739606147276148736,2016-06-05 23:53:41+00:00,Benji,pupper,5897,1876,Twitter for iPhone,Meet Benji. He just turned 1. Has already given up on a traditional pupper physique. Just inhaled that thing. 9/10 https://t.co/sLUC4th3Zj,9
739238157791694849,2016-06-04 23:31:25+00:00,,doggo,75163,52360,Twitter for iPhone,Here's a doggo blowing bubbles. It's downright legendary. 13/10 would watch on repeat forever (vid by Kent Duryee) https://t.co/YcXgHfp1EC,13
738537504001953792,2016-06-03 01:07:16+00:00,Bayley,puppo,5575,1759,Twitter for iPhone,This is Bayley. She fell asleep trying to escape her evil fence enclosure. 11/10 night night puppo https://t.co/AxSiqAKEKu,11
737445876994609152,2016-05-31 00:49:32+00:00,,floofer,11302,5048,Twitter for iPhone,Just wanted to share this super rare Rainbow Floofer in case you guys haven't seen it yet. 13/10 colorful af https://t.co/CaG9MzD3WT,13
736365877722001409,2016-05-28 01:18:00+00:00,Rory,pupper,4367,1408,Twitter for iPhone,This is Rory. He's extremely impatient. 11/10 settle down pupper https://t.co/e3tfXJLi40,11
735648611367784448,2016-05-26 01:47:51+00:00,,pupper,4397,1237,Twitter for iPhone,*faints* 12/10 perfection in pupper form https://t.co/t6TxTwTLEK,12
735256018284875776,2016-05-24 23:47:49+00:00,Kellogg,doggo,3675,993,Twitter for iPhone,This is Kellogg. He accidentally opened the front facing camera. 8/10 get it together doggo https://t.co/MRYv7nDPyS,8
735137028879360001,2016-05-24 15:55:00+00:00,Buckley,pupper,3428,1092,Twitter for iPhone,Meet Buckley. His family &amp; some neighbors came over to watch him perform but he's nervous af. 9/10 u got this pupper https://t.co/5bdCpPlno9,9
733822306246479872,2016-05-21 00:50:46+00:00,Moose,floofer,4015,1141,Twitter for iPhone,This is Moose. He's a Polynesian Floofer. Dapper af. 10/10 would pet diligently https://t.co/mVfqRdppTL,10
733109485275860992,2016-05-19 01:38:16+00:00,,doggopupper,44619,17621,Twitter for iPhone,"Like father (doggo), like son (pupper). Both 12/10 https://t.co/pG2inLaOda",12
732375214819057664,2016-05-17 01:00:32+00:00,Kyle,doggo,8832,2838,Twitter for iPhone,This is Kyle (pronounced 'Mitch'). He strives to be the best doggo he can be. 11/10 would pat on head approvingly https://t.co/aA2GiTGvlE,11
730573383004487680,2016-05-12 01:40:42+00:00,Rooney,pupper,5407,2435,Twitter for iPhone,This is Rooney. He can't comprehend glass. 10/10 it'll be ok pupper https://t.co/CnUl2uDBBV,10
728035342121635841,2016-05-05 01:35:26+00:00,all,pupper,4953,1872,Twitter for iPhone,This is all I want in my life. 12/10 for super sleepy pupper https://t.co/4RlLA5ObMh,12
728015554473250816,2016-05-05 00:16:48+00:00,Rueben,pupper,4479,1219,Twitter for iPhone,This is Rueben. He has reached ultimate pupper zen state. 11/10 tranquil af https://t.co/Z167HgtnBi,11
727644517743104000,2016-05-03 23:42:26+00:00,,doggo,6431,1962,Twitter for iPhone,Here's a doggo struggling to cope with the winds. 13/10 https://t.co/qv3aUwaouT,13
727524757080539137,2016-05-03 15:46:33+00:00,,pupper,4900,1379,Twitter for iPhone,This pupper had to undergo emergency haircut surgery so he could hear again. 10/10 miraculous af https://t.co/fUyDIFkBwx,10
727314416056803329,2016-05-03 01:50:44+00:00,,pupper,3623,834,Twitter for iPhone,This pupper was about to explain where that dirt came from but then decided against it. 11/10 https://t.co/SbaelU6zRs,11
725786712245440512,2016-04-28 20:40:11+00:00,Lillie,pupper,4537,1527,Twitter for iPhone,Say hello to Lillie. She's a Rutabagan Floofem. Poor pupper ate and then passed out. 11/10 relatable af https://t.co/uIdGqug9rw,11
724771698126512129,2016-04-26 01:26:53+00:00,,doggo,2593,725,Twitter for iPhone,Nothin better than a doggo and a sunset. 11/10 https://t.co/JlFqOhrHEs,11
724405726123311104,2016-04-25 01:12:38+00:00,Ashleigh,pupper,5800,1847,Twitter for iPhone,This is Ashleigh. She's having Coachella withdrawals. Didn't even go tho. 10/10 stay strong pupper https://t.co/nRUaKWnJfH,10
724004602748780546,2016-04-23 22:38:43+00:00,Luther,pupper,4561,1790,Twitter for iPhone,This is Luther. He saw a ghost. Spooked af. 11/10 hang in there pupper https://t.co/EdKG43VvEl,11
721001180231503872,2016-04-15 15:44:11+00:00,Oliver,pupper,2748,686,Twitter for iPhone,This is Oliver. Bath time is upon him. His fear of the wetness postpones his ultimate pupper destiny. 11/10 https://t.co/AFzzKqR4tT,11
720340705894408192,2016-04-13 19:59:42+00:00,Derek,pupper,3131,1098,Twitter for iPhone,This is Derek. He just got balled on. Can't even get up. Poor thing. 10/10 hang in there pupper https://t.co/BIRRF3bcWH,10
719991154352222208,2016-04-12 20:50:42+00:00,,doggo,5281,1979,Twitter for iPhone,This doggo was initially thrilled when she saw the happy cartoon pup but quickly realized she'd been deceived. 10/10 https://t.co/mvnBGaWULV,10
719704490224398336,2016-04-12 01:51:36+00:00,Clyde,pupper,4974,1645,Twitter for iPhone,This is Clyde. He's making sure you're having a good train ride. 12/10 great pupper https://t.co/y206kWHAj0,12
717790033953034240,2016-04-06 19:04:14+00:00,,pupper,3170,1272,Twitter for iPhone,"Here's a badass mystery pupper. You weren't aware that you owe him money, but you do. 10/10 shades sick af https://t.co/fv9e9AtzSG",10
717009362452090881,2016-04-04 15:22:08+00:00,Smokey,pupper,3583,1102,Twitter for iPhone,This is Smokey. He's having some sort of existential crisis. 10/10 hang in there pupper https://t.co/JmgF4dMpw0,10
716080869887381504,2016-04-02 01:52:38+00:00,,doggo,5272,1935,Twitter for iPhone,Here's a super majestic doggo and a sunset 11/10 https://t.co/UACnoyi8zu,11
711968124745228288,2016-03-21 17:30:03+00:00,Winston,pupper,8776,2601,Twitter for iPhone,Meet Winston. He's trapped in a cup of coffee. Poor pupper. 10/10 someone free him https://t.co/2e6cUtKUuc,10
711008018775851008,2016-03-19 01:54:56+00:00,Chuckles,pupper,3275,710,Twitter for iPhone,This is Chuckles. He had a balloon but he accidentally let go of it and it floated away. 11/10 hang in there pupper https://t.co/68iNM7B5gW,11
710117014656950272,2016-03-16 14:54:24+00:00,,pupper,5999,2233,Twitter for iPhone,This pupper got her hair chalked for her birthday. Hasn't told her parents yet. Rebellious af. 11/10 very nifty https://t.co/h1OX2mLtxV,11
708845821941387268,2016-03-13 02:43:08+00:00,,pupper,3226,1015,Twitter for iPhone,Here's a pupper with magic eyes. Not wearing a seat belt tho (irresponsible af). Very distracting to driver. 9/10 https://t.co/5DLJB4ssvI,9
707411934438625280,2016-03-09 03:45:22+00:00,,pupper,2486,673,Twitter for iPhone,"""I shall trip the big pupper with leash. Big pupper will never see it coming. I am a genius."" Both 11/10 https://t.co/uQsCJ8pf51",11
707315916783140866,2016-03-08 21:23:50+00:00,Finnegus,pupper,2698,727,Twitter for iPhone,This is Finnegus. He's trapped in a snow globe. Poor pupper. 10/10 would make sure no one shook it https://t.co/BjpOa52jQ4,10
706310011488698368,2016-03-06 02:46:44+00:00,,pupper,23443,9034,Twitter for iPhone,Here's a very sleepy pupper. Thinks it's an airplane. 12/10 would snug for eternity https://t.co/GGmcTIkBbf,12
705975130514706432,2016-03-05 04:36:02+00:00,Adele,pupper,3397,842,Twitter for iPhone,This is Adele. Her tongue flies out of her mouth at random. It's a debilitating illness. 10/10 stay strong pupper https://t.co/cfn81n3FLO,10
705786532653883392,2016-03-04 16:06:36+00:00,,pupper,2132,596,Twitter for iPhone,"Seriously, add us üê∂ 11/10 for sad wet pupper https://t.co/xwPE9faVZR",11
705428427625635840,2016-03-03 16:23:38+00:00,Ambrose,pupper,4188,1931,Twitter for iPhone,This is Ambrose. He's an Alfalfa Ballyhoo. Draws pistol fast af. Pretty much runs the frontier. 11/10 lethal pupper https://t.co/ih6epBOxIA,11
704859558691414016,2016-03-02 02:43:09+00:00,a,pupper,2462,612,Twitter for iPhone,Here is a heartbreaking scene of an incredible pupper being laid to rest. 10/10 RIP pupper https://t.co/81mvJ0rGRu,10
704761120771465216,2016-03-01 20:11:59+00:00,,pupper,7283,3257,Twitter for iPhone,This pupper killed this great white in an epic sea battle. Now wears it as a trophy. Such brave. Much fierce. 13/10 https://t.co/Lu0ECu5tO5,13
704347321748819968,2016-02-29 16:47:42+00:00,Ralphson,pupper,1729,393,Twitter for iPhone,This is Ralphson. He's very confused. Wondering why he's sitting on Santa's lap in February. 10/10 stay woke pupper https://t.co/INphk4ltkZ,10
703611486317502464,2016-02-27 16:03:45+00:00,Scooter,pupper,4229,1709,Twitter for iPhone,Meet Scooter. He's experiencing the pupper equivalent of dropping ur phone in a toilet 10/10 put it in some rice pup https://t.co/JSmX1FIEaW,10
703407252292673536,2016-02-27 02:32:12+00:00,,pupper,2685,786,Twitter for iPhone,This pupper doesn't understand gates. 10/10 so close https://t.co/GUbFF4o6dZ,10
703268521220972544,2016-02-26 17:20:56+00:00,,pupper,2152,618,Twitter for iPhone,Happy Friday here's a sleepy pupper 12/10 https://t.co/eBcqv9SPkY,12
702598099714314240,2016-02-24 20:56:55+00:00,Sansa,pupper,11332,3712,Twitter for iPhone,"This is Sansa. She's gotten too big for her chair. Not so smol anymore. 11/10 once a pupper, always a pupper https://t.co/IpAoztle2s",11
701545186879471618,2016-02-21 23:13:01+00:00,Millie,pupper,2902,680,Twitter for iPhone,Meet Millie. She's practicing her dive form for Rio. It's nearly perfect. Dedicated af. 10/10 go for gold pupper https://t.co/SDVkc4m96M,10
700864154249383937,2016-02-20 02:06:50+00:00,a,pupper,2828,685,Twitter for iPhone,"""Pupper is a present to world. Here is a bow for pupper."" 12/10 precious as hell https://t.co/ItSsE92gCW",12
700151421916807169,2016-02-18 02:54:41+00:00,,pupper,2450,754,Twitter for iPhone,If a pupper gave that to me I'd probably start shaking and faint from all the joy. 11/10 https://t.co/o9aJVPB25n,11
700143752053182464,2016-02-18 02:24:13+00:00,,pupper,8282,3129,Twitter for iPhone,When it's Janet from accounting's birthday but you can't eat the cake cuz it's chocolate. 10/10 hang in there pupper https://t.co/Fbdr5orUrJ,10
699801817392291840,2016-02-17 03:45:29+00:00,Cooper,pupper,3345,1088,Twitter for iPhone,This is Cooper. He began to tear up when his bone was taken from him. 11/10 stay strong pupper https://t.co/qI8yvqKG02,11
699434518667751424,2016-02-16 03:25:58+00:00,,pupper,2384,577,Twitter for iPhone,I know this is a tad late but here's a wonderful Valentine's Day pupper 12/10 https://t.co/hTE2PEwGvi,12
699036661657767936,2016-02-15 01:05:02+00:00,,pupper,2863,1345,Twitter for iPhone,HAPPY V-DAY FROM YOUR FAV PUPPER SQUAD 13/10 for all https://t.co/7u6VnZ1UFe,13
697616773278015490,2016-02-11 03:02:54+00:00,,pupper,3467,1144,Twitter for iPhone,This pupper doubles as a hallway rug. Very rare. Versatile af. 11/10 https://t.co/Jxd5pR02Cn,11
697596423848730625,2016-02-11 01:42:02+00:00,,pupper,3306,1425,Twitter for iPhone,Here's a pupper with a piece of pizza. Two of everybody's favorite things in one photo. 11/10 https://t.co/5USjFjKI7Z,11
696877980375769088,2016-02-09 02:07:12+00:00,Misty,pupper,2689,802,Twitter for iPhone,This is Misty. She's in a predicament. Not sure what next move should be. 9/10 stay calm pupper I'm comin https://t.co/XhR7PAgcwF,9
696713835009417216,2016-02-08 15:14:57+00:00,Trevith,pupper,2613,757,Twitter for iPhone,This is Trevith. He's a Swiss Mountain Roadwoof. Breeze too powerful. 9/10 stay strong pupper https://t.co/6J8Ibwy1X6,9
695095422348574720,2016-02-04 04:03:57+00:00,just,pupper,2888,684,Twitter for iPhone,This is just a beautiful pupper good shit evolution. 12/10 https://t.co/2L8pI0Z2Ib,12
695074328191332352,2016-02-04 02:40:08+00:00,Lorenzo,pupper,3116,1239,Twitter for iPhone,This is Lorenzo. He's educated af. Just graduated college. 11/10 poor pupper can't even comprehend his debt https://t.co/dH3GzcjCtQ,11
694356675654983680,2016-02-02 03:08:26+00:00,,pupper,1653,328,Twitter for iPhone,"This pupper only appears through the hole of a Funyun. Much like Phineas, this one is also mysterious af. 10/10 https://t.co/SQsEBWxPyG",10
694329668942569472,2016-02-02 01:21:07+00:00,Grady,pupper,2203,569,Twitter for iPhone,Meet Grady. He's very hungry. Too bad no one can find his food bowl. 9/10 poor pupper https://t.co/oToIkYnEGn,9
693629975228977152,2016-01-31 03:00:47+00:00,,pupper,2685,894,Twitter for iPhone,This pupper is afraid of its own feet. 12/10 would comfort https://t.co/Tn9Mp0oPoJ,12
693590843962331137,2016-01-31 00:25:18+00:00,Phil,pupper,5565,2233,Twitter for iPhone,Meet Phil. He's big af. Currently destroying this nice family home. Completely uncalled for. 3/10 not a good pupper https://t.co/fShNNhBWYx,3
693262851218264065,2016-01-30 02:41:58+00:00,,pupper,2459,568,Twitter for iPhone,I hope you guys enjoy this beautiful snowy pupper as much as I did. 11/10 https://t.co/DYUsHtL2aR,11
693095443459342336,2016-01-29 15:36:45+00:00,Milo,pupper,2056,523,Twitter for iPhone,This is Milo. He doesn't understand your fancy human gestures. Will lick instead. 10/10 can't faze this pupper https://t.co/OhodPIDOpW,10
692905862751522816,2016-01-29 03:03:25+00:00,Wally,pupper,2683,998,Twitter for iPhone,This is Wally. He's being abducted by aliens. 10/10 poor pupper https://t.co/EiF659Bgjn,10
692828166163931137,2016-01-28 21:54:41+00:00,,pupper,3148,998,Twitter for iPhone,This pupper just descended from heaven. 12/10 can probably fly https://t.co/X6X9wM7NuS,12
692752401762250755,2016-01-28 16:53:37+00:00,,pupper,7496,4124,Twitter for iPhone,"""Hello yes could I get one pupper to go please thank you""
Both 13/10 https://t.co/kYWcXbluUu",13
692417313023332352,2016-01-27 18:42:06+00:00,Herschel,pupper,10275,3917,Twitter for iPhone,Meet Herschel. He's slightly bigger than ur average pupper. Looks lonely. Could probably ride 7/10 would totally pet https://t.co/VGaIMktX10,7
690015576308211712,2016-01-21 03:38:27+00:00,,pupper,2740,836,Twitter for iPhone,This pupper can only sleep on shoes. It's a crippling disease. Tearing his family apart. 12/10 I'd totally pet tho https://t.co/03XlvS8izg,12
689905486972461056,2016-01-20 20:21:00+00:00,Gizmo,pupper,2651,787,Twitter for iPhone,"Say hello to Gizmo. He's quite the pupper. Confused by bed, but agile af. Can barely catch on camera. 11/10 so quick https://t.co/IE4ZblyZRY",11
689623661272240129,2016-01-20 01:41:08+00:00,Lucy,pupper,2467,748,Twitter for iPhone,This is Lucy. She's terrified of the stuffed billed dog. 10/10 stay strong pupper https://t.co/QnvSjjyh7n,10
689143371370250240,2016-01-18 17:52:38+00:00,Trip,pupper,2232,579,Twitter for iPhone,Meet Trip. He likes wearing costumes that aren't consistent with the season to screw with people 10/10 tricky pupper https://t.co/40w7TI5Axv,10
688916208532455424,2016-01-18 02:49:58+00:00,,pupper,3003,983,Twitter for iPhone,This pupper just wants to say hello. 11/10 would knock down fence for https://t.co/A8X8fwS78x,11
688894073864884227,2016-01-18 01:22:00+00:00,Hamrick,pupper,2462,792,Twitter for iPhone,This is Hamrick. He's covered in corn flakes. Silly pupper. Looks congested. 7/10 considerably petable https://t.co/ROPZcAMQKI,7
688519176466644993,2016-01-17 00:32:18+00:00,,pupper,2520,825,Twitter for iPhone,This pupper is sprouting a flower out of her head. 12/10 revolutionary af https://t.co/glmvQBRjv4,12
688179443353796608,2016-01-16 02:02:19+00:00,Lizzie,pupper,2328,669,Twitter for iPhone,This is Lizzie. She's about to fist bump the large ridable maned pupper. She's very excited. 10/10 for both dogs https://t.co/mFhvtX36om,10
687818504314159109,2016-01-15 02:08:05+00:00,,pupper,2758,1080,Twitter for iPhone,With great pupper comes great responsibility. 12/10 https://t.co/hK6xB042EP,12
687704180304273409,2016-01-14 18:33:48+00:00,Blakely,pupper,2660,950,Twitter for iPhone,Say hello to Blakely. He thinks that's a hat. Silly pupper. That's a nanner. 9/10 https://t.co/UwOV1jqKRt,9
687476254459715584,2016-01-14 03:28:06+00:00,Curtis,pupper,2187,619,Twitter for iPhone,This is Curtis. He's a fluffball. 11/10 would snug this pupper https://t.co/1DzInODwrj,11
687312378585812992,2016-01-13 16:36:55+00:00,,pupper,4777,2146,Twitter for iPhone,"""You got any games on your phone"" 7/10 for invasive brown Dalmatian pupper https://t.co/yzGR9xjE9Q",7
687096057537363968,2016-01-13 02:17:20+00:00,,pupper,2449,695,Twitter for iPhone,This pupper's New Year's resolution was to become a Hershey's kiss. 11/10 she's super pumped about it https://t.co/D7jYj6vdwC,11
686683045143953408,2016-01-11 22:56:10+00:00,Mona,pupper,3072,912,Twitter for iPhone,This is Mona. She's a Yarborough Splishnsplash. Lost body during Nam. 11/10 revolutionary pupper https://t.co/pgD6h0yhgz,11
686618349602762752,2016-01-11 18:39:05+00:00,Olivia,pupper,4042,1544,Twitter for iPhone,This is Olivia. She just saw an adult wearing crocs. 11/10 poor pupper. No one should witness such a thing https://t.co/yJVTi1DjJc,11
686377065986265092,2016-01-11 02:40:19+00:00,Birf,pupper,2433,637,Twitter for iPhone,Meet Birf. He thinks he's gone blind. 10/10 very frightened pupper https://t.co/oDkspjNWYX,10
686007916130873345,2016-01-10 02:13:27+00:00,,pupper,2704,472,Twitter for iPhone,This pupper has a magical eye. 11/10 I can't stop looking at it https://t.co/heAGpKTpPW,11
685943807276412928,2016-01-09 21:58:42+00:00,the,pupper,1801,696,Twitter for iPhone,This is the newly formed pupper a capella group. They're just starting out but I see tons of potential. 8/10 for all https://t.co/wbAcvFoNtn,8
685667379192414208,2016-01-09 03:40:16+00:00,Marty,pupper,2579,666,Twitter for iPhone,This is Marty. He has no idea what happened here. Never seen this stuff in his life. 9/10 very suspicious pupper https://t.co/u427woxFpJ,9
685641971164143616,2016-01-09 01:59:19+00:00,Otis,pupper,3218,885,Twitter for iPhone,This is Otis. He just passed a cop while going 61 in a 45. Very nervous pupper. 7/10 https://t.co/jJS8qQeuNO,7
685547936038666240,2016-01-08 19:45:39+00:00,,pupper,35052,17465,Twitter for iPhone,Everybody needs to read this. Jack is our first 14/10. Truly heroic pupper https://t.co/3m6bNGXWnM,14
685307451701334016,2016-01-08 03:50:03+00:00,Petrick,floofer,2262,496,Twitter for iPhone,Say hello to Petrick. He's an Altostratus Floofer. Just had a run in with a trash bag. Groovy checkered floor. 11/10 https://t.co/rwW7z1JAOF,11
685268753634967552,2016-01-08 01:16:17+00:00,Hubertson,pupper,3419,1371,Twitter for iPhone,This is Hubertson. He's a Carmel Haberdashery. Enjoys long summer days on his boat. Very peaceful pupper. 10/10 https://t.co/vzCl35fKlZ,10
685169283572338688,2016-01-07 18:41:01+00:00,Gerbald,pupper,4489,1620,Twitter for iPhone,Meet Gerbald. He just found out he's adopted. Poor pupper. Snazzy tongue tho. 11/10 would hold close in time of need https://t.co/UfGkB9Wrud,11
684880619965411328,2016-01-06 23:33:58+00:00,,pupper,2305,936,Twitter for iPhone,Here we have a basking dino pupper. Looks powerful. Occasionally shits eggs. Doesn't want the holidays to end. 5/10 https://t.co/DnNweb5eTO,5
683834909291606017,2016-01-04 02:18:42+00:00,,pupper,2880,1265,Twitter for iPhone,Here we see a faulty pupper. Might need to replace batteries. Try turning off &amp; back on again. 9/10 would still pet https://t.co/O1E4AtHVxO,9
683828599284170753,2016-01-04 01:53:37+00:00,,pupper,3053,1195,Twitter for iPhone,Breathtaking pupper here. Should be on the cover of Dogue. Top-notch tongue. Appears considerably fluffy. 12/10 https://t.co/Eeh3yfdglS,12
683481228088049664,2016-01-03 02:53:17+00:00,Banjo,pupper,2878,1118,Twitter for iPhone,Meet Banjo. He's a Peppercorn Shoop Da Whoop. Nails look lethal. Skeptical of luminescent orb 11/10 stay woke pupper https://t.co/H7NZFumpKq,11
683462770029932544,2016-01-03 01:39:57+00:00,,pupper,2676,761,Twitter for iPhone,"""Hello forest pupper I am house pupper welcome to my abode"" (8/10 for both) https://t.co/qFD8217fUT",8
683142553609318400,2016-01-02 04:27:31+00:00,Brandy,pupper,3162,1173,Twitter for iPhone,Meet Brandy. She's a member of the Bloods. Menacing criminal pupper. Soft spot for flowers tho. 9/10 pet w caution https://t.co/hhIA3coiAJ,9
683111407806746624,2016-01-02 02:23:45+00:00,Larry,pupper,3736,1034,Twitter for iPhone,This is Larry. He thought the New Year's parties were tonight. 10/10 poor pupper. Maybe next year https://t.co/h3X0jK8MVM,10
683078886620553216,2016-01-02 00:14:32+00:00,,pupper,2176,634,Twitter for iPhone,Here we see a nifty leaping pupper. Feet look deadly. Sad that the holidays are over. 9/10 undeniably huggable https://t.co/ny8mnXhGOW,9
682788441537560576,2016-01-01 05:00:24+00:00,,pupper,2706,1258,Twitter for iPhone,"Happy New Year from your fav holiday squad! üéâ 12/10 for all

Here's to a pupper-filled year üçªüê∂üê∂üê∂ https://t.co/ZSdEj59FGf",12
682406705142087680,2015-12-31 03:43:31+00:00,Patrick,pupper,8319,2019,Twitter for iPhone,This is Patrick. He's a bigass pupper. 7/10 https://t.co/J9DXBFoAQe,7
681891461017812993,2015-12-29 17:36:07+00:00,Charlie,pupper,2706,951,Twitter for iPhone,Say hello to Charlie. He's scholarly af. Quite intimidating with all his pupper knowledge 10/10 even built that fire https://t.co/9KThv6z8u5,10
681694085539872773,2015-12-29 04:31:49+00:00,Bo,pupper,14010,4581,Twitter for iPhone,This is Bo. He's a Benedoop Cumbersnatch. Seems frustrated with own feet. Portable as hell. 11/10 very solid pupper https://t.co/TONMhRoQh7,11
681679526984871937,2015-12-29 03:33:58+00:00,,pupper,1923,499,Twitter for iPhone,Can you spot Toby the guilty pupper? 7/10 would be higher but he made quite the mess shredding his stuffed pals https://t.co/3uCcDEJLXs,7
681654059175129088,2015-12-29 01:52:46+00:00,Toffee,pupper,2903,1045,Twitter for iPhone,This is Toffee. He's a happy pupper. Appears dangerously fluffy. Extraordinarily spherical. 12/10 would pet firmly https://t.co/oEXEKt3MHu,12
681231109724700672,2015-12-27 21:52:07+00:00,,pupper,2629,540,Twitter for iPhone,I just love this pic. 11/10 this pupper is going places https://t.co/P16uhh1PbI,11
680836378243002368,2015-12-26 19:43:36+00:00,Ellie,pupper,3766,1513,Twitter for iPhone,This is Ellie. She's secretly ferocious. 12/10 very deadly pupper https://t.co/BF4BW8LUgb,12
680473011644985345,2015-12-25 19:39:43+00:00,Hector,pupper,2778,844,Twitter for iPhone,"This is Hector. He thinks he's a hammer. Silly Hector. You're a pupper, not a hammer. 10/10 https://t.co/OdUFuZIXiI",10
680191257256136705,2015-12-25 01:00:07+00:00,,pupper,2356,577,Twitter for iPhone,Here's a sleepy Christmas pupper 11/10 https://t.co/KXg0f8GNQ9,11
680176173301628928,2015-12-25 00:00:11+00:00,,pupper,4263,1760,Twitter for iPhone,This pupper is patiently waiting to scare the shit out of Santa. 10/10 https://t.co/NhXo67K6yt,10
680145970311643136,2015-12-24 22:00:10+00:00,Kawhi,pupper,3955,1972,Twitter for iPhone,Say hello to Kawhi. He was doing fine until his hat fell off. He got it back though. 10/10 deep breaths pupper https://t.co/N5pM6WBx7e,10
680100725817409536,2015-12-24 19:00:23+00:00,,pupper,3891,1554,TweetDeck,This pupper is not coming inside until she catches a snowflake on her tongue. 11/10 the determination is palpable https://t.co/lvMYbmKq8H,11
679828447187857408,2015-12-24 00:58:27+00:00,,pupper,39726,15839,Twitter for iPhone,Everybody look at this beautiful pupper 13/10 https://t.co/hyAC5Hq9GC,13
679777920601223168,2015-12-23 21:37:40+00:00,Rinna,pupper,3390,1281,Twitter for iPhone,This is Rinna. She's melting. 10/10 get inside pupper https://t.co/PA0czwucsb,10
679527802031484928,2015-12-23 05:03:47+00:00,,pupper,2892,823,Twitter for iPhone,This little pupper just arrived. 11/10 would snug https://t.co/DA5aqnSGfB,11
679503373272485890,2015-12-23 03:26:43+00:00,Dwight,pupper,3484,1673,Twitter for iPhone,This is Dwight. He's a pointy pupper. Very docile. Attracts marshmallows. Hurts to pet but definitely worth it 8/10 https://t.co/jjW7zTxY9Z,8
678800283649069056,2015-12-21 04:52:53+00:00,,pupper,2810,1018,Twitter for iPhone,Here's a pupper with some mean tan lines. Snazzy sweater though 12/10 https://t.co/DpCSVsl6vu,12
678389028614488064,2015-12-20 01:38:42+00:00,Bella,pupper,2044,473,Twitter for iPhone,"This is Bella. She just learned that her final grade in chem was a 92.49 
poor pupper 11/10 https://t.co/auOoKuoveM",11
678341075375947776,2015-12-19 22:28:09+00:00,,pupper,1896,612,Twitter for iPhone,This pupper likes tape. 12/10 https://t.co/cSp6w5GWgm,12
678278586130948096,2015-12-19 18:19:51+00:00,,pupper,12531,6857,Twitter for iPhone,Another spooky pupper here. Most definitely floating. No legs. Probably knows some dark magic. 10/10 very spooked https://t.co/JK8MByRzgj,10
677557565589463040,2015-12-17 18:34:46+00:00,,pupper,2665,1322,Twitter for iPhone,Reckless pupper here. Not even looking at road. Absolute menace. No regard for fellow pupper lives. 10/10 still cute https://t.co/96IBkOYB7j,10
677269281705472000,2015-12-16 23:29:14+00:00,the,pupper,2164,790,Twitter for iPhone,This is the happiest pupper I've ever seen. 10/10 would trade lives with https://t.co/ep8ATEJwRb,10
676936541936185344,2015-12-16 01:27:03+00:00,,pupper,13809,5515,Twitter for iPhone,Here we see a rare pouched pupper. Ample storage space. Looks alert. Jumps at random. Kicked open that door. 8/10 https://t.co/mqvaxleHRz,8
676819651066732545,2015-12-15 17:42:34+00:00,,pupper,1957,741,Twitter for iPhone,Watch out Airbud. This pupper is also good at the sports. 12/10 I'm thinking D1 https://t.co/1HrFdo7M0C,12
676617503762681856,2015-12-15 04:19:18+00:00,,pupper,3149,1108,Twitter for iPhone,I promise this wasn't meant to be a cuteness overload account but ermergerd look at this cozy pupper. 13/10 https://t.co/mpQl2rJjDh,13
676603393314578432,2015-12-15 03:23:14+00:00,Godzilla,pupper,1280,440,Twitter for iPhone,This is Godzilla pupper. He had a ruff childhood &amp; now deflects that pain outward by terrorizing cities. Tragic 9/10 https://t.co/g1tLGkyaxr,9
676575501977128964,2015-12-15 01:32:24+00:00,,pupper,2807,1254,Twitter for iPhone,This pupper is very passionate about Christmas. Wanted to give the tree a hug. So cute. 8/10 https://t.co/NsGyECJuq7,8
676470639084101634,2015-12-14 18:35:43+00:00,,pupper,12616,5224,Twitter for iPhone,Three generations of pupper. 11/10 for all https://t.co/tAmQYvzrau,11
676263575653122048,2015-12-14 04:52:55+00:00,,pupper,2243,609,Twitter for iPhone,All this pupper wanted to do was go skiing. No one told him about the El Ni√±o. Poor pupper. 10/10 maybe next year https://t.co/fTgbq1UBR9,10
675898130735476737,2015-12-13 04:40:46+00:00,,pupper,1774,653,Twitter for iPhone,I'm sure you've all seen this pupper. Not prepared at all for the flying disc of terror. 10/10 https://t.co/G0pQiFGM7O,10
675845657354215424,2015-12-13 01:12:15+00:00,Pepper,pupper,2477,1000,Twitter for iPhone,"This is Pepper. She's not fully comfortable riding her imaginary bike yet. 10/10 don't worry pupper, it gets easier https://t.co/40dj4eTsXG",10
675740360753160193,2015-12-12 18:13:51+00:00,,pupper,1257,388,Twitter for iPhone,Here's a pupper licking in slow motion. 12/10 please enjoy https://t.co/AUJi8ujxw9,12
675334060156301312,2015-12-11 15:19:21+00:00,,pupper,3007,1436,Twitter for iPhone,Good morning here's a grass pupper. 12/10 https://t.co/2d68FmWGGs,12
675113801096802304,2015-12-11 00:44:07+00:00,Zuzu,pupper,2120,877,Twitter for iPhone,Meet Zuzu. He just graduated college. Astute pupper. Needs 2 leashes to contain him. Wasn't ready for the pic. 10/10 https://t.co/2H5SKmk0k7,10
675006312288268288,2015-12-10 17:37:00+00:00,Mollie,pupper,1057,252,Twitter for iPhone,Say hello to Mollie. This pic was taken after she bet all her toys on Ronda Rousey. 10/10 hang in there pupper https://t.co/QMmAqA9VqO,10
674774481756377088,2015-12-10 02:15:47+00:00,Superpup,pupper,1213,532,Twitter for iPhone,This is Superpup. His head isn't proportional to his body. Has yet to serve any justice. 11/10 maybe one day pupper https://t.co/gxIFgg8ktm,11
674737130913071104,2015-12-09 23:47:22+00:00,Rufio,pupper,693,103,Twitter for iPhone,Meet Rufio. He is unaware of the pink legless pupper wrapped around him. Might want to get that checked 10/10 &amp; 4/10 https://t.co/KNfLnYPmYh,10
674638615994089473,2015-12-09 17:15:54+00:00,,pupper,1806,650,Twitter for iPhone,This pupper is fed up with being tickled. 12/10 I'm currently working on an elaborate heist to steal this dog https://t.co/F33n1hy3LL,12
674447403907457024,2015-12-09 04:36:06+00:00,,pupper,1137,393,Twitter for iPhone,This pupper just wants a belly rub. This pupper has nothing to do w the tree being sideways now. 10/10 good pupper https://t.co/AyJ7Ohk71f,10
674318007229923329,2015-12-08 20:01:55+00:00,Lennon,pupper,1516,570,Twitter for iPhone,This is Lennon. He's in quite the predicament. 8/10 hang in there pupper https://t.co/7mf8XXPAZv,8
674262580978937856,2015-12-08 16:21:41+00:00,Gus,pupper,1391,498,Twitter for iPhone,This is Gus. He's super stoked about being an elephant. Couldn't be happier. 9/10 for elephant pupper https://t.co/gJS1qU0jP7,9
674038233588723717,2015-12-08 01:30:12+00:00,Kaiya,pupper,1176,456,Twitter for iPhone,This is Kaiya. She's an aspiring shoe model. 12/10 follow your dreams pupper https://t.co/nX8FiGRHvk,12
673956914389192708,2015-12-07 20:07:04+00:00,one,pupper,2091,1069,Twitter for iPhone,This is one esteemed pupper. Just graduated college. 10/10 what a champ https://t.co/nyReCVRiyd,10
673919437611909120,2015-12-07 17:38:09+00:00,Obie,pupper,1251,401,Twitter for iPhone,This is Obie. He is on guard watching for evildoers from the comfort of his pumpkin. Very brave pupper. 11/10 https://t.co/cdwPTsGEAb,11
673707060090052608,2015-12-07 03:34:14+00:00,Raymond,pupper,1177,434,Twitter for iPhone,This is Raymond. He's absolutely terrified of floating tennis ball. 10/10 it'll be ok pupper https://t.co/QyH1CaY3SM,10
673697980713705472,2015-12-07 02:58:09+00:00,Pickles,pupper,4067,2165,Twitter for iPhone,This is Pickles. She's a tiny pointy pupper. Average walker. Very skeptical of wet leaf. 8/10 https://t.co/lepRCaGcgw,8
673656262056419329,2015-12-07 00:12:23+00:00,Albert,pupper,769,265,Twitter for iPhone,This is Albert AKA King Banana Peel. He's a kind ruler of the kitchen. Very jubilant pupper. 10/10 overall great dog https://t.co/PN8hxgZ9We,10
673612854080196609,2015-12-06 21:19:54+00:00,Jeffri,pupper,1691,802,Twitter for iPhone,This is Jeffri. He's a speckled ice pupper. Very lazy. Enjoys the occasional swim. Rather majestic really. 7/10 https://t.co/0iyItbtkr8,7
673363615379013632,2015-12-06 04:49:31+00:00,,pupper,1088,338,Twitter for iPhone,This little pupper can't wait for Christmas. He's pretending to be a present. S'cute. 11/10 twenty more days üéÅüéÑüê∂ https://t.co/m8r9rbcgX4,11
673342308415348736,2015-12-06 03:24:51+00:00,Django,pupper,1362,649,Twitter for iPhone,This is Django. He's a skilled assassin pupper. 10/10 https://t.co/w0YTuiRd1a,10
673295268553605120,2015-12-06 00:17:55+00:00,Eve,pupper,8046,3484,Twitter for iPhone,Meet Eve. She's a raging alcoholic 8/10 (would b 11/10 but pupper alcoholism is a tragic issue that I can't condone) https://t.co/U36HYQIijg,8
673148804208660480,2015-12-05 14:35:56+00:00,Fletcher,pupper,1822,688,Twitter for iPhone,This is Fletcher. He's had a ruff night. No more Fireball for Fletcher. 8/10 it'll be over soon pupper https://t.co/tA4WpkI2cw,8
672988786805112832,2015-12-05 04:00:04+00:00,Schnozz,pupper,1039,314,Twitter for iPhone,This is Schnozz. He's had a blurred tail since birth. Hasn't let that stop him. 10/10 inspirational pupper https://t.co/a3zYMcvbXG,10
672975131468300288,2015-12-05 03:05:49+00:00,Chuckles,pupper,1813,1015,Twitter for iPhone,This is Chuckles. He is one skeptical pupper. 10/10 stay woke Chuckles https://t.co/ZlcF0TIRW1,10
672970152493887488,2015-12-05 02:46:02+00:00,Chet,pupper,1019,391,Twitter for iPhone,This is Chet. He's having a hard time. Really struggling. 7/10 hang in there pupper https://t.co/eb4ta0xtnd,7
672898206762672129,2015-12-04 22:00:08+00:00,Cheryl,pupper,944,459,Twitter for iPhone,This is Cheryl AKA Queen Pupper of the Skies. Experienced fighter pilot. Much skill. True hero. 11/10 https://t.co/i4XJEWwdsp,11
672622327801233409,2015-12-04 03:43:54+00:00,,pupper,1377,542,Twitter for iPhone,This lil pupper is sad because we haven't found Kony yet. RT to spread awareness. 12/10 would pet firmly https://t.co/Cv7dRdcMvQ,12
672614745925664768,2015-12-04 03:13:46+00:00,Norman,pupper,1302,644,Twitter for iPhone,This is Norman. Doesn't bark much. Very docile pup. Up to date on current events. Overall nifty pupper. 6/10 https://t.co/ntxsR98f3U,6
672594978741354496,2015-12-04 01:55:13+00:00,Scott,pupper,1411,661,Twitter for iPhone,Meet Scott. Just trying to catch his train to work. Doesn't need everybody staring. 9/10 ignore the haters pupper https://t.co/jyXbZ35MYz,9
672481316919734272,2015-12-03 18:23:34+00:00,Jazz,pupper,757,137,Twitter for iPhone,Say hello to Jazz. She should be on the cover of Vogue. 12/10 gorgeous pupper https://t.co/mVCMemhXAP,12
672254177670729728,2015-12-03 03:21:00+00:00,Rolf,pupper,1515,800,Twitter for iPhone,This is Rolf. He's having the time of his life. 11/10 good pupper https://t.co/OO6MqEbqG3,11
672205392827572224,2015-12-03 00:07:09+00:00,Opal,pupper,2414,1270,Twitter for iPhone,This is Opal. He's a Royal John Coctostan. Ready for transport. Basically indestructible. 9/10 good pupper https://t.co/yRBQF9OS7D,9
672160042234327040,2015-12-02 21:06:56+00:00,Bubba,pupper,918,395,Twitter for iPhone,This is Bubba. He's a Titted Peebles Aorta. Evolutionary masterpiece. Comfortable with his body. 8/10 great pupper https://t.co/aNkkl5nH3W,8
